Timestamp,User Count,Type,Name,Requests/s,Failures/s,50%,66%,75%,80%,90%,95%,98%,99%,99.9%,99.99%,100%,Total Request Count,Total Failure Count,Total Median Response Time,Total Average Response Time,Total Min Response Time,Total Max Response Time,Total Average Content Size
1765110856,0,,Aggregated,0.000000,0.000000,N/A,N/A,N/A,N/A,N/A,N/A,N/A,N/A,N/A,N/A,N/A,0,0,0,0.0,0,0,0
1765110857,5,,Aggregated,0.000000,0.000000,4,5,5,8,8,8,8,8,8,8,8,5,5,4.101874990737997,5.05670799757354,4.101874990737997,7.887957995990291,0.0
1765110858,10,,Aggregated,0.000000,0.000000,5,5,7,7,8,10,10,10,10,10,10,12,12,4,5.240617915357386,2.731749991653487,9.543833002680913,0.0
1765110859,15,,Aggregated,5.000000,5.000000,4,5,5,6,7,8,10,10,10,10,10,22,22,4,4.416185634247747,1.8677499901968986,9.543833002680913,0.0
1765110860,20,,Aggregated,5.000000,5.000000,4,4,5,6,10,14,14,14,14,14,14,36,36,3,4.4438784708391825,1.1715420114342123,13.947750005172566,0.0
1765110861,20,,Aggregated,6.000000,6.000000,3,4,4,5,8,10,14,14,14,14,14,45,45,3,3.9658129984875106,1.1475000064820051,13.947750005172566,0.0
1765110862,20,,Aggregated,8.000000,8.000000,3,3,4,4,7,10,14,14,14,14,14,57,57,3,3.615087016154767,1.1475000064820051,13.947750005172566,0.0
1765110863,20,,Aggregated,7.800000,7.800000,3,3,4,4,6,10,14,14,14,14,14,62,62,3,3.5294314828558613,1.1475000064820051,13.947750005172566,0.0
1765110864,20,,Aggregated,8.333333,8.333333,3,3,4,4,6,10,14,14,14,14,14,73,73,3,3.3977859849285665,1.1475000064820051,13.947750005172566,0.0
1765110865,20,,Aggregated,8.428571,8.428571,3,3,3,4,5,8,14,14,14,14,14,86,86,3,3.2981492429741572,1.1475000064820051,13.947750005172566,0.0
1765110866,20,,Aggregated,8.375000,8.375000,3,3,3,4,5,9,14,14,14,14,14,98,98,3,3.2570357232506635,1.1475000064820051,13.947750005172566,0.0
1765110867,20,,Aggregated,8.666667,8.666667,3,3,3,4,5,9,10,14,14,14,14,103,103,3,3.2952884258758908,1.1475000064820051,13.947750005172566,0.0
1765110868,20,,Aggregated,8.700000,8.700000,3,3,4,4,6,10,14,22,27,27,27,113,113,3,3.6562901758794895,1.1475000064820051,27.067957998951897,0.0
1765110869,20,,Aggregated,9.500000,9.500000,3,3,4,4,6,9,14,22,27,27,27,122,122,3,3.6141642447576294,1.1475000064820051,27.067957998951897,0.0
1765110870,20,,Aggregated,9.900000,9.900000,3,3,4,4,7,10,14,22,27,27,27,130,130,3,3.6429631143199424,1.1475000064820051,27.067957998951897,0.0
1765110871,20,,Aggregated,9.800000,9.800000,3,3,3,4,6,10,14,22,27,27,27,142,142,3,3.599650210136889,1.1475000064820051,27.067957998951897,0.0
1765110872,20,,Aggregated,9.500000,9.500000,3,3,3,4,6,10,14,22,27,27,27,151,151,3,3.5774422971769204,1.1475000064820051,27.067957998951897,0.0
1765110873,20,,Aggregated,9.500000,9.500000,3,3,3,4,6,10,14,22,27,27,27,163,163,3,3.5064281342069736,1.1475000064820051,27.067957998951897,0.0
1765110874,20,,Aggregated,9.600000,9.600000,3,3,3,4,5,10,14,22,27,27,27,172,172,3,3.441567301664225,1.1475000064820051,27.067957998951897,0.0
1765110875,20,,Aggregated,9.600000,9.600000,3,3,3,4,5,10,14,22,27,27,27,179,179,3,3.411689675322021,1.1475000064820051,27.067957998951897,0.0
1765110877,20,,Aggregated,9.700000,9.700000,3,3,3,4,8,10,22,50,600,600,600,197,197,3,6.7844388470659975,1.1475000064820051,595.8020419930108,0.0
1765110878,20,,Aggregated,9.200000,9.200000,3,3,3,4,8,10,16,27,600,600,600,204,204,3,6.659142337608215,1.1475000064820051,595.8020419930108,0.0
1765110879,20,,Aggregated,9.600000,9.600000,3,3,3,4,7,10,16,27,600,600,600,216,216,3,6.439027943930274,1.1475000064820051,595.8020419930108,0.0
1765110880,20,,Aggregated,9.400000,9.400000,3,3,3,4,6,10,16,27,600,600,600,223,223,3,6.302248483804063,1.1475000064820051,595.8020419930108,0.0
1765110881,20,,Aggregated,9.600000,9.600000,3,3,3,4,6,10,16,27,600,600,600,232,232,3,6.163248723733604,1.1475000064820051,595.8020419930108,0.0
1765110882,20,,Aggregated,9.500000,9.500000,3,3,3,4,6,9,16,27,600,600,600,241,241,3,5.993065161362901,0.6797919922973961,595.8020419930108,0.0
1765110883,20,,Aggregated,9.600000,9.600000,3,3,3,4,6,9,14,27,600,600,600,252,252,3,5.8260310670159505,0.6797919922973961,595.8020419930108,0.0
1765110884,20,,Aggregated,9.400000,9.400000,3,3,3,4,5,9,14,27,600,600,600,261,261,3,5.712028079883862,0.6797919922973961,595.8020419930108,0.0
1765110885,20,,Aggregated,9.500000,9.500000,3,3,3,4,5,9,14,27,600,600,600,271,271,3,5.6153362356143495,0.6797919922973961,595.8020419930108,0.0
1765110886,20,,Aggregated,9.200000,9.200000,3,3,3,4,5,9,14,27,600,600,600,282,282,3,5.502857988950439,0.6797919922973961,595.8020419930108,0.0
1765110887,20,,Aggregated,9.500000,9.500000,3,3,3,3,5,9,14,27,600,600,600,293,293,3,5.370267900551269,0.6797919922973961,595.8020419930108,0.0
1765110888,20,,Aggregated,10.100000,10.100000,3,3,3,4,6,9,14,22,600,600,600,305,305,3,5.310292055231107,0.6797919922973961,595.8020419930108,0.0
1765110889,20,,Aggregated,9.400000,9.400000,3,3,3,4,6,9,14,27,600,600,600,315,315,3,5.378978285247401,0.6797919922973961,595.8020419930108,0.0
1765110890,20,,Aggregated,9.900000,9.900000,3,3,3,4,6,9,14,27,600,600,600,324,324,3,5.320861474759977,0.6797919922973961,595.8020419930108,0.0
1765110891,20,,Aggregated,10.200000,10.200000,3,3,3,4,6,9,14,27,600,600,600,338,338,3,5.178705230277767,0.6797919922973961,595.8020419930108,0.0
1765110892,20,,Aggregated,10.200000,10.200000,3,3,3,4,6,9,14,27,600,600,600,345,345,3,5.115069669082532,0.6797919922973961,595.8020419930108,0.0
1765110893,20,,Aggregated,10.200000,10.200000,3,3,3,4,6,9,14,27,600,600,600,358,358,3,5.007862759309862,0.6797919922973961,595.8020419930108,0.0
1765110894,20,,Aggregated,10.500000,10.500000,3,3,3,4,6,9,14,27,600,600,600,362,362,3,5.001089645998915,0.6797919922973961,595.8020419930108,0.0
1765110895,20,,Aggregated,10.200000,10.200000,2,3,3,4,5,9,14,27,600,600,600,375,375,2,4.906820319631758,0.6797919922973961,595.8020419930108,0.0
1765110896,20,,Aggregated,10.200000,10.200000,2,3,3,3,5,9,14,27,600,600,600,383,383,2,4.84303360277247,0.6797919922973961,595.8020419930108,0.0
1765110897,20,,Aggregated,10.100000,10.100000,2,3,3,3,5,9,14,27,600,600,600,396,396,2,4.763161396186486,0.6797919922973961,595.8020419930108,0.0
1765110898,20,,Aggregated,10.100000,10.100000,2,3,3,4,5,9,14,22,600,600,600,405,405,2,4.719097626914362,0.6797919922973961,595.8020419930108,0.0
1765110899,20,,Aggregated,10.000000,10.000000,2,3,3,3,5,9,14,22,600,600,600,416,416,2,4.666907845883263,0.6797919922973961,595.8020419930108,0.0
1765110900,20,,Aggregated,9.700000,9.700000,3,3,3,4,5,8,14,22,600,600,600,424,424,3,4.640366542277987,0.6797919922973961,595.8020419930108,0.0
1765110901,20,,Aggregated,9.600000,9.600000,3,3,3,3,5,8,14,22,600,600,600,431,431,3,4.607062057803737,0.6797919922973961,595.8020419930108,0.0
1765110902,20,,Aggregated,10.200000,10.200000,2,3,3,3,5,8,14,22,600,600,600,446,446,2,4.525630315824468,0.6797919922973961,595.8020419930108,0.0
1765110903,20,,Aggregated,9.800000,9.800000,3,3,3,3,5,8,12,22,600,600,600,452,452,2,4.502501008565696,0.6797919922973961,595.8020419930108,0.0
1765110904,20,,Aggregated,9.400000,9.400000,3,3,3,3,5,8,12,22,600,600,600,463,463,3,4.450985416537402,0.6797919922973961,595.8020419930108,0.0
1765110905,20,,Aggregated,9.500000,9.500000,3,3,3,3,5,8,12,22,600,600,600,474,474,3,4.41805273816353,0.6797919922973961,595.8020419930108,0.0
1765110906,20,,Aggregated,9.800000,9.800000,3,3,3,3,5,8,12,22,600,600,600,485,485,3,4.373862882163952,0.5483749991981313,595.8020419930108,0.0
1765110907,20,,Aggregated,10.000000,10.000000,3,3,3,3,5,8,12,22,600,600,600,492,492,3,4.338954430550519,0.5483749991981313,595.8020419930108,0.0
1765110908,20,,Aggregated,9.600000,9.600000,3,3,3,3,5,7,11,16,600,600,600,503,503,3,4.308797955929828,0.5483749991981313,595.8020419930108,0.0
1765110909,20,,Aggregated,9.900000,9.900000,3,3,3,3,5,7,11,16,600,600,600,512,512,3,4.278032540668164,0.5483749991981313,595.8020419930108,0.0
1765110910,20,,Aggregated,9.900000,9.900000,3,3,3,3,5,7,11,16,600,600,600,524,524,3,4.240425717252669,0.5483749991981313,595.8020419930108,0.0
1765110911,20,,Aggregated,9.900000,9.900000,3,3,3,3,4,7,11,16,600,600,600,532,532,3,4.21780465380048,0.5483749991981313,595.8020419930108,0.0
1765110912,20,,Aggregated,9.500000,9.500000,3,3,3,3,4,7,11,16,600,600,600,542,542,3,4.183596464635837,0.5483749991981313,595.8020419930108,0.0
1765110913,20,,Aggregated,10.100000,10.100000,3,3,3,3,4,7,10,16,600,600,600,555,555,3,4.139661696961838,0.5483749991981313,595.8020419930108,0.0
1765110914,20,,Aggregated,9.800000,9.800000,3,3,3,3,4,7,10,16,600,600,600,560,560,3,4.1318225299879225,0.5483749991981313,595.8020419930108,0.0
1765110915,20,,Aggregated,10.500000,10.500000,3,3,3,3,4,7,10,16,600,600,600,572,572,3,4.100602186713172,0.5483749991981313,595.8020419930108,0.0
1765110916,20,,Aggregated,9.800000,9.800000,3,3,3,3,4,7,10,16,600,600,600,579,579,3,4.081928384846594,0.5483749991981313,595.8020419930108,0.0
1765110917,20,,Aggregated,9.700000,9.700000,3,3,3,3,4,7,10,16,600,600,600,591,591,3,4.048865541147798,0.5483749991981313,595.8020419930108,0.0
1765110918,20,,Aggregated,10.000000,10.000000,3,3,3,3,4,7,10,14,600,600,600,602,602,3,4.018901426578521,0.5483749991981313,595.8020419930108,0.0
1765110919,20,,Aggregated,9.800000,9.800000,3,3,3,3,4,7,10,14,600,600,600,611,611,3,3.9969169947817167,0.5483749991981313,595.8020419930108,0.0
1765110920,20,,Aggregated,10.100000,10.100000,3,3,3,3,4,7,10,14,600,600,600,622,622,3,3.9721792488930885,0.5483749991981313,595.8020419930108,0.0
1765110921,20,,Aggregated,9.800000,9.800000,3,3,3,3,4,7,10,14,600,600,600,630,630,3,3.948858652092029,0.5483749991981313,595.8020419930108,0.0
1765110922,20,,Aggregated,10.000000,10.000000,3,3,3,3,4,6,10,14,600,600,600,641,641,3,3.9387651978499387,0.5483749991981313,595.8020419930108,0.0
1765110923,20,,Aggregated,9.500000,9.500000,3,3,3,3,4,6,10,14,600,600,600,651,651,3,3.9138683315438754,0.5483749991981313,595.8020419930108,0.0
1765110924,20,,Aggregated,10.000000,10.000000,3,3,3,3,4,7,10,14,600,600,600,658,658,3,3.903479853849844,0.5483749991981313,595.8020419930108,0.0
1765110925,20,,Aggregated,9.300000,9.300000,3,3,3,3,4,6,10,14,600,600,600,669,669,3,3.8781776843599136,0.5483749991981313,595.8020419930108,0.0
1765110926,20,,Aggregated,9.600000,9.600000,3,3,3,3,4,6,10,14,600,600,600,678,678,3,3.8588457445898725,0.5483749991981313,595.8020419930108,0.0
1765110927,20,,Aggregated,9.900000,9.900000,3,3,3,3,4,6,10,14,600,600,600,688,688,3,3.8380902934202528,0.5483749991981313,595.8020419930108,0.0
1765110928,20,,Aggregated,9.700000,9.700000,3,3,3,3,4,6,10,14,600,600,600,698,698,3,3.8207027132831044,0.5483749991981313,595.8020419930108,0.0
1765110929,20,,Aggregated,10.000000,10.000000,3,3,3,3,4,6,10,14,600,600,600,713,713,3,3.7991889844249167,0.5483749991981313,595.8020419930108,0.0
1765110930,20,,Aggregated,9.600000,9.600000,3,3,3,3,4,6,10,14,600,600,600,721,721,3,3.7862147377667,0.5483749991981313,595.8020419930108,0.0
1765110931,20,,Aggregated,9.800000,9.800000,3,3,3,3,4,6,10,14,600,600,600,732,732,3,3.7690841201338166,0.5483749991981313,595.8020419930108,0.0
1765110932,20,,Aggregated,9.800000,9.800000,2,3,3,3,4,6,10,14,600,600,600,741,741,2,3.758316006695735,0.5483749991981313,595.8020419930108,0.0
1765110933,20,,Aggregated,10.000000,10.000000,2,3,3,3,4,6,9,14,600,600,600,752,752,2,3.733583271241514,0.5483749991981313,595.8020419930108,0.0
1765110934,20,,Aggregated,10.200000,10.200000,2,3,3,3,4,6,9,14,600,600,600,760,760,2,3.7182800394427766,0.5483749991981313,595.8020419930108,0.0
1765110935,20,,Aggregated,10.300000,10.300000,2,3,3,3,4,6,10,14,600,600,600,772,772,2,3.7038187577266735,0.5483749991981313,595.8020419930108,0.0
1765110936,20,,Aggregated,10.200000,10.200000,2,3,3,3,4,6,10,14,600,600,600,781,781,2,3.6824213047008056,0.5483749991981313,595.8020419930108,0.0
1765110937,20,,Aggregated,9.900000,9.900000,2,3,3,3,4,6,10,14,600,600,600,792,792,2,3.6650595492105684,0.5483749991981313,595.8020419930108,0.0
1765110938,20,,Aggregated,10.200000,10.200000,2,3,3,3,4,6,9,14,600,600,600,806,806,2,3.643285664966649,0.5483749991981313,595.8020419930108,0.0
1765110939,20,,Aggregated,10.200000,10.200000,2,3,3,3,4,6,9,14,600,600,600,815,815,2,3.6286048527215637,0.5483749991981313,595.8020419930108,0.0
1765110940,20,,Aggregated,10.500000,10.500000,2,3,3,3,4,6,9,14,600,600,600,825,825,2,3.6104161054368666,0.5483749991981313,595.8020419930108,0.0
1765110941,20,,Aggregated,10.400000,10.400000,2,3,3,3,4,6,9,14,600,600,600,836,836,2,3.5919349509153213,0.5483749991981313,595.8020419930108,0.0
1765110942,20,,Aggregated,10.300000,10.300000,2,3,3,3,4,6,9,14,600,600,600,846,846,2,3.5813665708959603,0.5483749991981313,595.8020419930108,0.0
1765110943,20,,Aggregated,10.500000,10.500000,2,3,3,3,4,6,9,14,600,600,600,855,855,2,3.567984690008091,0.5483749991981313,595.8020419930108,0.0
1765110944,20,,Aggregated,10.000000,10.000000,2,3,3,3,4,6,9,14,600,600,600,867,867,2,3.553877349422209,0.5483749991981313,595.8020419930108,0.0
1765110945,20,,Aggregated,10.400000,10.400000,2,3,3,3,4,6,9,14,600,600,600,876,876,2,3.541485963451206,0.5483749991981313,595.8020419930108,0.0
1765110946,20,,Aggregated,10.400000,10.400000,2,3,3,3,4,6,9,14,600,600,600,887,887,2,3.5268047677604755,0.5483749991981313,595.8020419930108,0.0
1765110947,20,,Aggregated,10.600000,10.600000,2,3,3,3,4,6,9,14,600,600,600,895,895,2,3.5131468759705284,0.5483749991981313,595.8020419930108,0.0
1765110948,20,,Aggregated,10.400000,10.400000,2,3,3,3,4,6,9,12,600,600,600,909,909,2,3.4924817524596277,0.5483749991981313,595.8020419930108,0.0
1765110949,20,,Aggregated,10.300000,10.300000,2,3,3,3,4,6,9,12,600,600,600,919,919,2,3.4795627464432375,0.5483749991981313,595.8020419930108,0.0
1765110950,20,,Aggregated,9.800000,9.800000,2,3,3,3,4,6,9,12,600,600,600,925,925,2,3.471518329697082,0.5483749991981313,595.8020419930108,0.0
1765110951,20,,Aggregated,10.500000,10.500000,2,3,3,3,4,6,9,12,600,600,600,938,938,2,3.45305627819944,0.5483749991981313,595.8020419930108,0.0
1765110952,20,,Aggregated,10.200000,10.200000,2,3,3,3,4,6,9,12,600,600,600,950,950,2,3.440773417839266,0.5483749991981313,595.8020419930108,0.0
1765110953,20,,Aggregated,10.500000,10.500000,2,3,3,3,4,6,9,12,600,600,600,956,956,2,3.4368215187991704,0.5483749991981313,595.8020419930108,0.0
1765110954,20,,Aggregated,10.300000,10.300000,2,3,3,3,4,5,9,12,600,600,600,965,965,2,3.4233510766722444,0.5483749991981313,595.8020419930108,0.0
1765110955,20,,Aggregated,10.100000,10.100000,2,3,3,3,4,5,9,12,600,600,600,979,979,2,3.3992528488063534,0.5483749991981313,595.8020419930108,0.0
1765110956,20,,Aggregated,10.100000,10.100000,2,3,3,3,4,5,9,12,600,600,600,989,989,2,3.38910608087147,0.5483749991981313,595.8020419930108,0.0
1765110957,20,,Aggregated,9.700000,9.700000,2,3,3,3,4,5,9,12,600,600,600,996,996,2,3.383618722850715,0.5483749991981313,595.8020419930108,0.0
1765110958,20,,Aggregated,10.000000,10.000000,2,3,3,3,4,5,9,12,50,600,600,1009,1009,2,3.3983380009337836,0.5483749991981313,595.8020419930108,0.0
1765110959,20,,Aggregated,9.900000,9.900000,2,3,3,3,4,6,9,13,50,600,600,1018,1018,2,3.4094908752178816,0.5483749991981313,595.8020419930108,0.0
1765110960,20,,Aggregated,10.200000,10.200000,2,3,3,3,4,6,9,13,50,600,600,1027,1027,2,3.409498704914407,0.5483749991981313,595.8020419930108,0.0
1765110961,20,,Aggregated,9.800000,9.800000,2,3,3,3,4,6,9,13,50,600,600,1038,1038,2,3.4026903120667615,0.5483749991981313,595.8020419930108,0.0
1765110962,20,,Aggregated,9.700000,9.700000,2,3,3,3,4,6,9,13,50,600,600,1049,1049,2,3.3939478502494973,0.5483749991981313,595.8020419930108,0.0
1765110963,20,,Aggregated,9.800000,9.800000,2,3,3,3,4,6,9,13,50,600,600,1058,1058,2,3.3839224970833284,0.5483749991981313,595.8020419930108,0.0
1765110964,20,,Aggregated,9.900000,9.900000,2,3,3,3,4,6,9,13,50,600,600,1070,1070,2,3.3743375009001957,0.5483749991981313,595.8020419930108,0.0
1765110965,20,,Aggregated,10.200000,10.200000,2,3,3,3,4,6,9,14,50,600,600,1081,1081,2,3.3937365115350104,0.5483749991981313,595.8020419930108,0.0
1765110966,20,,Aggregated,10.400000,10.400000,2,3,3,3,4,6,9,14,50,600,600,1093,1093,2,3.3790000777415528,0.5483749991981313,595.8020419930108,0.0
1765110967,20,,Aggregated,10.500000,10.500000,2,3,3,3,4,6,9,14,50,600,600,1102,1102,2,3.417896290322721,0.5483749991981313,595.8020419930108,0.0
1765110968,20,,Aggregated,10.400000,10.400000,2,3,3,3,4,6,9,14,50,600,600,1114,1114,2,3.410125077171548,0.5483749991981313,595.8020419930108,0.0
1765110969,20,,Aggregated,10.400000,10.400000,2,3,3,3,4,6,9,14,50,600,600,1121,1121,2,3.4057641641052405,0.5483749991981313,595.8020419930108,0.0
1765110970,20,,Aggregated,10.400000,10.400000,2,3,3,3,4,6,9,14,50,600,600,1133,1133,2,3.4000225833982736,0.5483749991981313,595.8020419930108,0.0
1765110971,20,,Aggregated,10.400000,10.400000,2,3,3,3,4,6,9,14,50,600,600,1142,1142,2,3.3893094404401576,0.5483749991981313,595.8020419930108,0.0
1765110972,20,,Aggregated,11.100000,11.100000,2,3,3,3,4,6,9,14,50,600,600,1149,1149,2,3.3835001871085244,0.5483749991981313,595.8020419930108,0.0
1765110973,20,,Aggregated,10.100000,10.100000,2,3,3,3,4,6,9,14,50,600,600,1161,1161,2,3.373254169674384,0.5483749991981313,595.8020419930108,0.0
1765110974,20,,Aggregated,10.400000,10.400000,2,3,3,3,4,6,9,14,50,600,600,1168,1168,2,3.370120119853547,0.5483749991981313,595.8020419930108,0.0
1765110975,20,,Aggregated,9.800000,9.800000,2,3,3,3,4,6,9,14,50,600,600,1180,1180,2,3.360946405093458,0.5483749991981313,595.8020419930108,0.0
1765110976,20,,Aggregated,10.000000,10.000000,2,3,3,3,4,6,9,14,50,600,600,1190,1190,2,3.353599762199681,0.5483749991981313,595.8020419930108,0.0
1765110977,20,,Aggregated,10.100000,10.100000,2,3,3,3,4,5,9,14,50,600,600,1202,1202,2,3.341783388536586,0.5483749991981313,595.8020419930108,0.0
1765110978,20,,Aggregated,10.000000,10.000000,2,3,3,3,4,6,9,14,50,600,600,1209,1209,2,3.340474674139712,0.5483749991981313,595.8020419930108,0.0
1765110979,20,,Aggregated,9.600000,9.600000,2,3,3,3,4,6,9,14,50,600,600,1220,1220,2,3.3332630508502024,0.5483749991981313,595.8020419930108,0.0
1765110980,20,,Aggregated,9.900000,9.900000,2,3,3,3,4,5,9,14,50,600,600,1230,1230,2,3.3268259528847373,0.5483749991981313,595.8020419930108,0.0
1765110981,20,,Aggregated,9.800000,9.800000,2,3,3,3,4,5,9,14,50,600,600,1239,1239,2,3.3182166779866327,0.5483749991981313,595.8020419930108,0.0
1765110982,20,,Aggregated,9.200000,9.200000,2,3,3,3,4,5,9,14,50,600,600,1250,1250,2,3.3100173040060326,0.5483749991981313,595.8020419930108,0.0
1765110983,20,,Aggregated,9.700000,9.700000,2,3,3,3,4,5,9,14,50,600,600,1258,1258,2,3.3085086470815375,0.5483749991981313,595.8020419930108,0.0
1765110984,20,,Aggregated,9.700000,9.700000,2,3,3,3,4,5,9,14,50,600,600,1269,1269,2,3.304463294757621,0.5483749991981313,595.8020419930108,0.0
1765110985,20,,Aggregated,10.000000,10.000000,2,3,3,3,4,5,9,14,50,600,600,1281,1281,2,3.299252668262138,0.5483749991981313,595.8020419930108,0.0
1765110986,20,,Aggregated,9.700000,9.700000,2,3,3,3,4,5,9,14,50,600,600,1292,1292,2,3.2889460789792286,0.5483749991981313,595.8020419930108,0.0
1765110987,20,,Aggregated,9.600000,9.600000,2,3,3,3,4,5,9,14,50,600,600,1299,1299,2,3.285637766766194,0.5483749991981313,595.8020419930108,0.0
1765110988,20,,Aggregated,9.800000,9.800000,2,3,3,3,4,5,9,13,50,600,600,1309,1309,2,3.277399384279147,0.5483749991981313,595.8020419930108,0.0
1765110989,20,,Aggregated,10.300000,10.300000,2,3,3,3,4,5,9,13,50,600,600,1322,1322,2,3.266958428156945,0.5483749991981313,595.8020419930108,0.0
1765110990,20,,Aggregated,10.000000,10.000000,2,3,3,3,4,5,9,13,50,600,600,1332,1332,2,3.262424174188944,0.5483749991981313,595.8020419930108,0.0
1765110991,20,,Aggregated,10.100000,10.100000,2,3,3,3,4,5,9,13,50,600,600,1344,1344,2,3.2512880714507664,0.5483749991981313,595.8020419930108,0.0
1765110992,20,,Aggregated,10.500000,10.500000,2,3,3,3,4,5,9,13,50,600,600,1352,1352,2,3.246009923095268,0.5483749991981313,595.8020419930108,0.0
1765110993,20,,Aggregated,10.200000,10.200000,2,3,3,3,4,5,9,13,50,600,600,1362,1362,2,3.2405699640333827,0.5483749991981313,595.8020419930108,0.0
1765110994,20,,Aggregated,10.300000,10.300000,2,3,3,3,4,5,9,13,50,600,600,1373,1373,2,3.2312951857317884,0.5483749991981313,595.8020419930108,0.0
1765110995,20,,Aggregated,10.300000,10.300000,2,3,3,3,4,5,9,13,50,600,600,1385,1385,2,3.22255129172149,0.5483749991981313,595.8020419930108,0.0
1765110996,20,,Aggregated,10.300000,10.300000,2,3,3,3,4,5,9,13,50,600,600,1397,1397,2,3.213888896933294,0.5483749991981313,595.8020419930108,0.0
1765110997,20,,Aggregated,10.600000,10.600000,2,3,3,3,4,5,9,12,50,600,600,1404,1404,2,3.209479342611023,0.5483749991981313,595.8020419930108,0.0
1765110998,20,,Aggregated,10.700000,10.700000,2,3,3,3,4,5,9,12,50,600,600,1421,1421,2,3.197622856466125,0.5483749991981313,595.8020419930108,0.0
1765110999,20,,Aggregated,10.600000,10.600000,2,3,3,3,4,5,9,12,50,600,600,1428,1428,2,3.195104512620159,0.5483749991981313,595.8020419930108,0.0
1765111000,20,,Aggregated,10.400000,10.400000,2,3,3,3,4,5,9,12,50,600,600,1440,1440,2,3.1861936569536433,0.5483749991981313,595.8020419930108,0.0
1765111001,20,,Aggregated,10.600000,10.600000,2,3,3,3,4,5,9,12,50,600,600,1450,1450,2,3.182679706921496,0.5483749991981313,595.8020419930108,0.0
1765111002,20,,Aggregated,10.200000,10.200000,2,3,3,3,4,5,9,12,50,600,600,1458,1458,2,3.1799843902577485,0.5483749991981313,595.8020419930108,0.0
1765111003,20,,Aggregated,11.000000,11.000000,2,3,3,3,4,5,9,12,50,600,600,1466,1466,2,3.175333609837784,0.5483749991981313,595.8020419930108,0.0
1765111004,20,,Aggregated,10.700000,10.700000,2,3,3,3,4,5,9,12,50,600,600,1480,1480,2,3.1677374351282785,0.5483749991981313,595.8020419930108,0.0
1765111005,20,,Aggregated,10.500000,10.500000,2,3,3,3,4,5,9,12,50,600,600,1488,1488,2,3.1641193346693264,0.5483749991981313,595.8020419930108,0.0
1765111006,20,,Aggregated,10.700000,10.700000,2,3,3,3,4,5,9,12,50,600,600,1500,1500,2,3.155572158003148,0.5483749991981313,595.8020419930108,0.0
1765111007,20,,Aggregated,10.400000,10.400000,2,3,3,3,4,5,9,12,50,600,600,1510,1510,2,3.1495049569330993,0.5483749991981313,595.8020419930108,0.0
1765111008,20,,Aggregated,10.300000,10.300000,2,3,3,3,4,5,9,12,50,600,600,1522,1522,2,3.146198605752945,0.5483749991981313,595.8020419930108,0.0
1765111009,20,,Aggregated,10.100000,10.100000,2,3,3,3,4,5,9,12,50,600,600,1530,1530,2,3.1451305744673426,0.5483749991981313,595.8020419930108,0.0
1765111010,20,,Aggregated,10.500000,10.500000,2,3,3,3,4,5,9,12,50,600,600,1542,1542,2,3.139585890386999,0.5483749991981313,595.8020419930108,0.0
1765111011,20,,Aggregated,10.400000,10.400000,2,3,3,3,4,5,8,12,50,600,600,1551,1551,2,3.136912759506116,0.5483749991981313,595.8020419930108,0.0
1765111012,20,,Aggregated,10.400000,10.400000,2,3,3,3,4,5,8,12,50,600,600,1562,1562,2,3.1299058783435854,0.5483749991981313,595.8020419930108,0.0
1765111013,20,,Aggregated,9.900000,9.900000,2,3,3,3,4,5,8,12,50,600,600,1571,1571,2,3.1244201833116367,0.5483749991981313,595.8020419930108,0.0
1765111014,20,,Aggregated,10.200000,10.200000,2,3,3,3,4,5,8,12,50,600,600,1583,1583,2,3.1188569867154508,0.5483749991981313,595.8020419930108,0.0
1765111015,20,,Aggregated,10.200000,10.200000,2,3,3,3,4,5,8,12,50,600,600,1593,1593,2,3.1181608242198635,0.5483749991981313,595.8020419930108,0.0
1765111016,20,,Aggregated,10.200000,10.200000,2,3,3,3,4,5,8,12,50,600,600,1607,1607,2,3.1101577367403794,0.5483749991981313,595.8020419930108,0.0
1765111017,20,,Aggregated,10.400000,10.400000,2,3,3,3,4,5,8,12,50,600,600,1617,1617,2,3.1082895942937743,0.5483749991981313,595.8020419930108,0.0
1765111018,20,,Aggregated,10.500000,10.500000,2,3,3,3,4,5,8,12,50,600,600,1626,1626,2,3.1061967398577113,0.5483749991981313,595.8020419930108,0.0
1765111019,20,,Aggregated,10.700000,10.700000,2,3,3,3,4,5,8,12,50,600,600,1638,1638,2,3.1030681367690067,0.5483749991981313,595.8020419930108,0.0
1765111020,20,,Aggregated,10.700000,10.700000,2,3,3,3,4,5,8,12,50,600,600,1645,1645,2,3.099815744691172,0.5483749991981313,595.8020419930108,0.0
1765111021,20,,Aggregated,10.500000,10.500000,2,3,3,3,4,5,8,12,50,600,600,1656,1656,2,3.093000368353211,0.5483749991981313,595.8020419930108,0.0
1765111022,20,,Aggregated,10.600000,10.600000,2,3,3,3,4,5,8,12,50,600,600,1668,1668,2,3.087429497605949,0.5483749991981313,595.8020419930108,0.0
1765111023,20,,Aggregated,10.500000,10.500000,2,3,3,3,4,5,8,12,50,600,600,1679,1679,2,3.082285974989576,0.5483749991981313,595.8020419930108,0.0
1765111024,20,,Aggregated,10.500000,10.500000,2,3,3,3,4,5,8,12,50,600,600,1691,1691,2,3.079196028984171,0.5483749991981313,595.8020419930108,0.0
1765111025,20,,Aggregated,10.600000,10.600000,2,3,3,3,4,5,8,11,50,600,600,1702,1702,2,3.0743941586652332,0.5483749991981313,595.8020419930108,0.0
1765111026,20,,Aggregated,10.600000,10.600000,2,3,3,3,4,5,8,11,50,600,600,1710,1710,2,3.070549162015202,0.5483749991981313,595.8020419930108,0.0
1765111027,20,,Aggregated,10.800000,10.800000,2,3,3,3,4,5,8,11,50,600,600,1722,1722,2,3.0678801696001052,0.5483749991981313,595.8020419930108,0.0
1765111028,20,,Aggregated,10.700000,10.700000,2,3,3,3,4,5,8,11,50,600,600,1732,1732,2,3.063317206733259,0.5483749991981313,595.8020419930108,0.0
1765111029,20,,Aggregated,10.300000,10.300000,2,3,3,3,4,5,8,11,50,600,600,1744,1744,2,3.0599297276882154,0.5483749991981313,595.8020419930108,0.0
1765111030,20,,Aggregated,10.400000,10.400000,2,3,3,3,4,5,8,12,50,600,600,1751,1751,2,3.0623356808078817,0.5483749991981313,595.8020419930108,0.0
1765111031,20,,Aggregated,10.300000,10.300000,2,3,3,3,4,5,8,12,50,600,600,1761,1761,2,3.055971339064352,0.5483749991981313,595.8020419930108,0.0
1765111032,20,,Aggregated,10.600000,10.600000,2,3,3,3,4,5,8,12,50,600,600,1773,1773,2,3.053646848355937,0.5483749991981313,595.8020419930108,0.0
1765111033,20,,Aggregated,10.700000,10.700000,2,3,3,3,4,5,8,12,50,600,600,1784,1784,2,3.0484205600492356,0.5483749991981313,595.8020419930108,0.0
1765111034,20,,Aggregated,10.400000,10.400000,2,3,3,3,4,5,8,12,50,600,600,1792,1792,2,3.047568561441949,0.5483749991981313,595.8020419930108,0.0
1765111035,20,,Aggregated,10.400000,10.400000,2,3,3,3,4,5,8,11,50,600,600,1804,1804,2,3.0402349113698888,0.5483749991981313,595.8020419930108,0.0
1765111036,20,,Aggregated,10.600000,10.600000,2,3,3,3,4,5,8,11,50,600,600,1811,1811,2,3.0372472098938017,0.5483749991981313,595.8020419930108,0.0
1765111037,20,,Aggregated,9.900000,9.900000,2,3,3,3,4,5,8,11,50,600,600,1822,1822,2,3.0295680291329905,0.5483749991981313,595.8020419930108,0.0
1765111038,20,,Aggregated,10.200000,10.200000,2,3,3,3,4,5,8,11,50,600,600,1832,1832,2,3.0215376359572623,0.5483749991981313,595.8020419930108,0.0
1765111039,20,,Aggregated,10.000000,10.000000,2,3,3,3,4,5,8,11,50,600,600,1841,1841,2,3.01636075941027,0.5483749991981313,595.8020419930108,0.0
1765111040,20,,Aggregated,10.000000,10.000000,2,3,3,3,4,5,8,11,50,600,600,1854,1854,2,3.008354903516378,0.5483749991981313,595.8020419930108,0.0
1765111041,20,,Aggregated,10.100000,10.100000,2,3,3,3,4,5,8,11,50,600,600,1860,1860,2,3.0042522360858013,0.5483749991981313,595.8020419930108,0.0
1765111042,20,,Aggregated,9.800000,9.800000,2,3,3,3,4,5,8,11,50,600,600,1872,1872,2,2.9991813077615985,0.5483749991981313,595.8020419930108,0.0
1765111043,20,,Aggregated,9.900000,9.900000,2,3,3,3,4,5,8,11,50,600,600,1883,1883,2,2.9941274291703173,0.5483749991981313,595.8020419930108,0.0
1765111044,20,,Aggregated,9.900000,9.900000,2,3,3,3,4,5,8,11,50,600,600,1891,1891,2,2.990889603447596,0.5483749991981313,595.8020419930108,0.0
1765111045,20,,Aggregated,10.000000,10.000000,2,3,3,3,4,5,8,11,76,600,600,1901,1901,2,3.0236544535201517,0.5483749991981313,595.8020419930108,0.0
1765111046,20,,Aggregated,10.000000,10.000000,2,3,3,3,4,5,8,11,76,600,600,1910,1910,2,3.018239523629726,0.5483749991981313,595.8020419930108,0.0
1765111047,20,,Aggregated,10.000000,10.000000,2,3,3,3,4,5,8,11,76,600,600,1922,1922,2,3.0091948439792318,0.5483749991981313,595.8020419930108,0.0
1765111048,20,,Aggregated,9.600000,9.600000,2,3,3,3,4,5,8,11,76,600,600,1932,1932,2,3.0040955994467757,0.5483749991981313,595.8020419930108,0.0
1765111049,20,,Aggregated,10.000000,10.000000,2,3,3,3,4,5,8,11,76,600,600,1941,1941,2,3.000818558541028,0.5483749991981313,595.8020419930108,0.0
1765111050,20,,Aggregated,10.000000,10.000000,2,3,3,3,4,5,8,11,76,600,600,1953,1953,2,2.9970790394910893,0.5483749991981313,595.8020419930108,0.0
1765111051,20,,Aggregated,9.800000,9.800000,2,3,3,3,4,5,8,11,76,600,600,1964,1964,2,2.9942007765408993,0.5483749991981313,595.8020419930108,0.0
1765111052,20,,Aggregated,10.200000,10.200000,2,3,3,3,4,5,8,11,76,600,600,1973,1973,2,2.9914330497299813,0.5483749991981313,595.8020419930108,0.0
1765111053,20,,Aggregated,9.900000,9.900000,2,3,3,3,4,5,8,11,76,600,600,1981,1981,2,2.988607979862415,0.5483749991981313,595.8020419930108,0.0
1765111054,20,,Aggregated,10.300000,10.300000,2,3,3,3,4,5,8,11,76,600,600,1988,1988,2,2.9867180337477874,0.5483749991981313,595.8020419930108,0.0
1765111055,20,,Aggregated,10.000000,10.000000,2,3,3,3,4,5,8,12,50,600,600,2002,2002,2,2.9959743352064123,0.5483749991981313,595.8020419930108,0.0
1765111056,20,,Aggregated,9.800000,9.800000,2,3,3,3,4,5,8,12,50,600,600,2009,2009,2,2.996033409692038,0.5483749991981313,595.8020419930108,0.0
1765111057,20,,Aggregated,9.700000,9.700000,2,3,3,3,4,5,8,12,50,600,600,2019,2019,2,2.991766528511967,0.5483749991981313,595.8020419930108,0.0
1765111058,20,,Aggregated,10.000000,10.000000,2,3,3,3,4,5,8,12,50,600,600,2026,2026,2,2.990004007919689,0.5483749991981313,595.8020419930108,0.0
1765111059,20,,Aggregated,9.800000,9.800000,2,3,3,3,4,5,8,12,50,600,600,2035,2035,2,2.990705771008461,0.5483749991981313,595.8020419930108,0.0
1765111060,20,,Aggregated,9.700000,9.700000,2,3,3,3,4,5,8,12,50,600,600,2046,2046,2,2.9914343606941003,0.5483749991981313,595.8020419930108,0.0
1765111061,20,,Aggregated,9.500000,9.500000,2,3,3,3,4,5,8,12,50,600,600,2059,2059,2,2.980616457510485,0.5483749991981313,595.8020419930108,0.0
1765111063,20,,Aggregated,9.100000,9.100000,2,3,3,3,4,5,8,12,50,600,600,2065,2065,2,2.978659722039061,0.5483749991981313,595.8020419930108,0.0
1765111064,20,,Aggregated,9.300000,9.300000,2,3,3,3,4,5,8,12,50,600,600,2078,2078,2,2.971011967744671,0.5483749991981313,595.8020419930108,0.0
1765111065,20,,Aggregated,9.400000,9.400000,2,3,3,3,4,5,8,12,50,600,600,2084,2084,2,2.9676769802942533,0.5483749991981313,595.8020419930108,0.0
1765111066,20,,Aggregated,9.200000,9.200000,2,3,3,3,4,5,8,12,50,600,600,2096,2096,2,2.961938669329377,0.5483749991981313,595.8020419930108,0.0
1765111067,20,,Aggregated,9.500000,9.500000,2,3,3,3,4,5,8,11,50,600,600,2107,2107,2,2.954492363968533,0.5483749991981313,595.8020419930108,0.0
1765111068,20,,Aggregated,9.400000,9.400000,2,3,3,3,4,5,8,11,50,600,600,2116,2116,2,2.9518933099582756,0.5483749991981313,595.8020419930108,0.0
1765111069,20,,Aggregated,9.400000,9.400000,2,3,3,3,4,5,8,11,50,600,600,2127,2127,2,2.949513514282028,0.5483749991981313,595.8020419930108,0.0
1765111070,20,,Aggregated,9.800000,9.800000,2,3,3,3,4,5,8,12,50,600,600,2136,2136,2,2.9569931305555888,0.5483749991981313,595.8020419930108,0.0
1765111071,20,,Aggregated,9.500000,9.500000,2,3,3,3,4,5,8,12,50,600,600,2153,2153,2,2.9530185753918334,0.5483749991981313,595.8020419930108,0.0
1765111072,20,,Aggregated,10.000000,10.000000,2,3,3,3,4,5,8,12,50,600,600,2157,2157,2,2.9560993629153454,0.5483749991981313,595.8020419930108,0.0
1765111073,20,,Aggregated,10.100000,10.100000,2,3,3,3,4,5,8,12,50,600,600,2167,2167,2,2.9540001314323474,0.5483749991981313,595.8020419930108,0.0
1765111074,20,,Aggregated,10.700000,10.700000,2,3,3,3,4,5,8,12,50,600,600,2178,2178,2,2.9490472111090162,0.5483749991981313,595.8020419930108,0.0
1765111075,20,,Aggregated,10.200000,10.200000,2,3,3,3,4,5,8,12,50,600,600,2188,2188,2,2.946708997178093,0.5483749991981313,595.8020419930108,0.0
1765111076,20,,Aggregated,10.000000,10.000000,2,3,3,3,4,5,8,12,50,600,600,2198,2198,2,2.9437575795336266,0.5483749991981313,595.8020419930108,0.0
1765111077,20,,Aggregated,10.300000,10.300000,2,3,3,3,4,5,8,11,50,600,600,2208,2208,2,2.939924589600855,0.5483749991981313,595.8020419930108,0.0
1765111078,20,,Aggregated,10.100000,10.100000,2,3,3,3,4,5,8,11,50,600,600,2217,2217,2,2.936766687338482,0.5483749991981313,595.8020419930108,0.0
1765111079,20,,Aggregated,10.000000,10.000000,2,3,3,3,4,5,8,11,50,600,600,2227,2227,2,2.9345231795415647,0.5483749991981313,595.8020419930108,0.0
1765111080,20,,Aggregated,10.000000,10.000000,2,3,3,3,4,5,8,11,50,600,600,2236,2236,2,2.9329604180856674,0.5483749991981313,595.8020419930108,0.0
1765111081,20,,Aggregated,10.000000,10.000000,2,3,3,3,4,5,8,11,50,600,600,2247,2247,2,2.937161434290211,0.5483749991981313,595.8020419930108,0.0
1765111082,20,,Aggregated,9.800000,9.800000,2,3,3,3,4,5,8,11,50,600,600,2255,2255,2,2.934996911248155,0.5483749991981313,595.8020419930108,0.0
1765111083,20,,Aggregated,9.400000,9.400000,2,3,3,3,4,5,8,11,50,600,600,2267,2267,2,2.9331531547509395,0.5483749991981313,595.8020419930108,0.0
1765111084,20,,Aggregated,9.800000,9.800000,2,3,3,3,4,5,8,11,50,600,600,2277,2277,2,2.931868665260169,0.5483749991981313,595.8020419930108,0.0
1765111085,20,,Aggregated,9.900000,9.900000,2,3,3,3,4,5,8,11,50,600,600,2286,2286,2,2.9293082685082292,0.5483749991981313,595.8020419930108,0.0
1765111086,20,,Aggregated,9.800000,9.800000,2,3,3,3,4,5,8,11,50,600,600,2299,2299,2,2.9267875145034714,0.5483749991981313,595.8020419930108,0.0
1765111087,20,,Aggregated,9.800000,9.800000,2,3,3,3,4,5,8,11,50,600,600,2308,2308,2,2.9241935462872775,0.5483749991981313,595.8020419930108,0.0
1765111088,20,,Aggregated,9.800000,9.800000,2,3,3,3,4,5,8,11,50,600,600,2318,2318,2,2.9205138394441854,0.5483749991981313,595.8020419930108,0.0
1765111089,20,,Aggregated,10.000000,10.000000,2,3,3,3,4,5,8,11,50,600,600,2329,2329,2,2.9179789956359468,0.5483749991981313,595.8020419930108,0.0
1765111090,20,,Aggregated,10.300000,10.300000,2,3,3,3,4,5,8,11,50,600,600,2341,2341,2,2.9160003373877768,0.5483749991981313,595.8020419930108,0.0
1765111091,20,,Aggregated,10.200000,10.200000,2,3,3,3,4,5,8,11,50,600,600,2350,2350,2,2.91763904203532,0.5483749991981313,595.8020419930108,0.0
1765111092,20,,Aggregated,10.400000,10.400000,2,3,3,3,4,5,8,11,50,600,600,2362,2362,2,2.915514941477549,0.5483749991981313,595.8020419930108,0.0
1765111093,20,,Aggregated,10.200000,10.200000,2,3,3,3,4,5,8,11,50,600,600,2369,2369,2,2.9142302308053605,0.5483749991981313,595.8020419930108,0.0
1765111094,20,,Aggregated,10.500000,10.500000,2,3,3,3,4,5,8,11,50,600,600,2375,2375,2,2.9142057897927436,0.5483749991981313,595.8020419930108,0.0
1765111095,20,,Aggregated,10.200000,10.200000,2,3,3,3,4,5,8,11,50,600,600,2386,2386,2,2.911865325964535,0.5483749991981313,595.8020419930108,0.0
1765111096,20,,Aggregated,10.200000,10.200000,2,3,3,3,4,5,8,11,50,600,600,2395,2395,2,2.9095735218150383,0.5483749991981313,595.8020419930108,0.0
1765111097,20,,Aggregated,10.000000,10.000000,2,3,3,3,4,5,8,10,50,600,600,2406,2406,2,2.9067564421213956,0.5483749991981313,595.8020419930108,0.0
1765111098,20,,Aggregated,9.800000,9.800000,2,3,3,3,4,5,8,10,50,600,600,2418,2418,2,2.9048854072488797,0.5483749991981313,595.8020419930108,0.0
1765111099,20,,Aggregated,9.800000,9.800000,2,3,3,3,4,4,8,10,50,600,600,2427,2427,2,2.90442521578201,0.5483749991981313,595.8020419930108,0.0
1765111100,20,,Aggregated,9.900000,9.900000,2,3,3,3,4,4,8,10,50,600,600,2436,2436,2,2.903025177222027,0.5483749991981313,595.8020419930108,0.0
1765111101,20,,Aggregated,9.800000,9.800000,2,3,3,3,4,4,8,10,50,600,600,2448,2448,2,2.899603332391017,0.5483749991981313,595.8020419930108,0.0
1765111102,20,,Aggregated,9.500000,9.500000,2,3,3,3,4,5,8,10,50,600,600,2457,2457,2,2.90232147892891,0.5483749991981313,595.8020419930108,0.0
1765111103,20,,Aggregated,9.800000,9.800000,2,3,3,3,4,5,8,10,50,600,600,2466,2466,2,2.9007783684922406,0.5483749991981313,595.8020419930108,0.0
1765111104,20,,Aggregated,9.800000,9.800000,2,3,3,3,4,5,8,10,50,600,600,2476,2476,2,2.898454563692447,0.5483749991981313,595.8020419930108,0.0
1765111105,20,,Aggregated,9.400000,9.400000,2,3,3,3,4,4,8,10,50,600,600,2483,2483,2,2.8974294030267247,0.5483749991981313,595.8020419930108,0.0
1765111106,20,,Aggregated,10.200000,10.200000,2,3,3,3,4,4,8,10,50,600,600,2494,2494,2,2.8946079084646974,0.5483749991981313,595.8020419930108,0.0
1765111107,20,,Aggregated,10.200000,10.200000,2,3,3,3,4,4,7,10,50,600,600,2505,2505,2,2.890980505280405,0.5483749991981313,595.8020419930108,0.0
1765111108,20,,Aggregated,9.700000,9.700000,2,3,3,3,4,4,7,10,50,600,600,2514,2514,2,2.8912939040197574,0.5483749991981313,595.8020419930108,0.0
1765111109,20,,Aggregated,9.700000,9.700000,2,3,3,3,4,4,7,10,50,600,600,2525,2525,2,2.8885832014678066,0.5483749991981313,595.8020419930108,0.0
1765111110,20,,Aggregated,9.600000,9.600000,2,3,3,3,4,4,7,10,50,600,600,2534,2534,2,2.886398843219774,0.5483749991981313,595.8020419930108,0.0
1765111111,20,,Aggregated,10.000000,10.000000,2,3,3,3,4,4,7,10,50,600,600,2548,2548,2,2.88429004894522,0.5483749991981313,595.8020419930108,0.0
1765111112,20,,Aggregated,9.700000,9.700000,2,3,3,3,4,4,7,10,50,600,600,2557,2557,2,2.8811380867021343,0.5483749991981313,595.8020419930108,0.0
1765111113,20,,Aggregated,9.900000,9.900000,2,3,3,3,4,4,7,10,50,600,600,2564,2564,2,2.879361400425272,0.5483749991981313,595.8020419930108,0.0
1765111114,20,,Aggregated,9.700000,9.700000,2,3,3,3,4,4,7,10,50,600,600,2575,2575,2,2.879229323374496,0.5483749991981313,595.8020419930108,0.0
1765111115,20,,Aggregated,10.100000,10.100000,2,3,3,3,4,4,7,10,50,600,600,2586,2586,2,2.8816646232429246,0.5483749991981313,595.8020419930108,0.0
1765111116,20,,Aggregated,9.700000,9.700000,2,3,3,3,4,4,7,10,50,600,600,2596,2596,2,2.8808140592103917,0.5483749991981313,595.8020419930108,0.0
1765111117,20,,Aggregated,10.300000,10.300000,2,3,3,3,4,4,7,10,50,600,600,2604,2604,2,2.878310453418868,0.5483749991981313,595.8020419930108,0.0
1765111118,20,,Aggregated,10.300000,10.300000,2,3,3,3,4,4,7,10,50,600,600,2617,2617,2,2.8759617736773677,0.5483749991981313,595.8020419930108,0.0
1765111119,20,,Aggregated,9.700000,9.700000,2,3,3,3,4,4,7,10,50,600,600,2626,2626,2,2.873034449244336,0.5483749991981313,595.8020419930108,0.0
1765111120,20,,Aggregated,10.100000,10.100000,2,3,3,3,4,4,7,10,50,600,600,2634,2634,2,2.873049024573162,0.5483749991981313,595.8020419930108,0.0
1765111121,20,,Aggregated,9.700000,9.700000,2,3,3,3,4,4,7,10,50,600,600,2643,2643,2,2.8721878886581553,0.5483749991981313,595.8020419930108,0.0
1765111122,20,,Aggregated,9.700000,9.700000,2,3,3,3,4,4,7,10,50,600,600,2651,2651,2,2.8699325902377137,0.5483749991981313,595.8020419930108,0.0
1765111123,20,,Aggregated,9.900000,9.900000,2,3,3,3,4,4,7,10,50,600,600,2661,2661,2,2.8676304358093287,0.5483749991981313,595.8020419930108,0.0
1765111124,20,,Aggregated,9.900000,9.900000,2,3,3,3,4,4,7,10,50,600,600,2672,2672,2,2.866835783944459,0.5483749991981313,595.8020419930108,0.0
1765111125,20,,Aggregated,9.800000,9.800000,2,3,3,3,4,4,7,10,50,600,600,2680,2680,2,2.868377815559767,0.5483749991981313,595.8020419930108,0.0
1765111126,20,,Aggregated,9.800000,9.800000,2,3,3,3,4,4,7,10,50,600,600,2688,2688,2,2.8666697059872517,0.5483749991981313,595.8020419930108,0.0
1765111127,20,,Aggregated,9.400000,9.400000,2,3,3,3,4,4,7,10,50,600,600,2701,2701,2,2.8597316892610043,0.5483749991981313,595.8020419930108,0.0
1765111128,20,,Aggregated,9.200000,9.200000,2,3,3,3,4,4,7,10,50,600,600,2713,2713,2,2.856616814107115,0.5483749991981313,595.8020419930108,0.0
1765111129,20,,Aggregated,9.800000,9.800000,2,3,3,3,4,4,7,10,50,600,600,2720,2720,2,2.8554554079646017,0.5483749991981313,595.8020419930108,0.0
1765111130,20,,Aggregated,9.400000,9.400000,2,3,3,3,4,4,7,10,50,600,600,2730,2730,2,2.853173581199318,0.5483749991981313,595.8020419930108,0.0
1765111131,20,,Aggregated,9.700000,9.700000,2,3,3,3,4,4,7,10,50,600,600,2740,2740,2,2.8500033615698297,0.5483749991981313,595.8020419930108,0.0
1765111132,20,,Aggregated,9.700000,9.700000,2,3,3,3,4,4,7,10,50,600,600,2747,2747,2,2.848795898695021,0.5483749991981313,595.8020419930108,0.0
1765111133,20,,Aggregated,9.800000,9.800000,2,3,3,3,4,4,7,10,50,600,600,2757,2757,2,2.847740480127448,0.5483749991981313,595.8020419930108,0.0
1765111134,20,,Aggregated,9.400000,9.400000,2,3,3,3,4,4,7,10,50,600,600,2765,2765,2,2.8460169995412445,0.5483749991981313,595.8020419930108,0.0
1765111135,20,,Aggregated,9.300000,9.300000,2,3,3,3,4,4,7,10,50,600,600,2777,2777,2,2.8431945915433614,0.5483749991981313,595.8020419930108,0.0
1765111136,20,,Aggregated,9.300000,9.300000,2,3,3,3,4,4,7,10,50,600,600,2786,2786,2,2.8392103997570874,0.5483749991981313,595.8020419930108,0.0
1765111137,20,,Aggregated,9.700000,9.700000,2,3,3,3,4,4,7,10,50,600,600,2797,2797,2,2.8352808096986926,0.5483749991981313,595.8020419930108,0.0
1765111138,20,,Aggregated,9.700000,9.700000,2,3,3,3,4,4,7,10,50,600,600,2808,2808,2,2.8343725992652984,0.5483749991981313,595.8020419930108,0.0
1765111139,20,,Aggregated,9.100000,9.100000,2,3,3,3,4,4,7,10,50,600,600,2813,2813,2,2.833144673209792,0.5483749991981313,595.8020419930108,0.0
1765111140,20,,Aggregated,9.600000,9.600000,2,3,3,3,4,4,7,10,50,600,600,2822,2822,2,2.8299101586635955,0.5483749991981313,595.8020419930108,0.0
1765111141,20,,Aggregated,9.100000,9.100000,2,3,3,3,4,4,7,10,50,600,600,2835,2835,2,2.8277229755661883,0.5483749991981313,595.8020419930108,0.0
1765111142,20,,Aggregated,9.200000,9.200000,2,3,3,3,4,4,7,10,50,600,600,2844,2844,2,2.8252838620764638,0.5483749991981313,595.8020419930108,0.0
1765111143,20,,Aggregated,9.500000,9.500000,2,3,3,3,4,4,7,10,50,600,600,2851,2851,2,2.8246332906822436,0.5483749991981313,595.8020419930108,0.0
1765111144,20,,Aggregated,9.700000,9.700000,2,3,3,3,4,4,7,10,50,600,600,2862,2862,2,2.821095100541804,0.5483749991981313,595.8020419930108,0.0
1765111145,20,,Aggregated,9.200000,9.200000,2,3,3,3,4,4,7,10,50,600,600,2871,2871,2,2.8225717843048037,0.5483749991981313,595.8020419930108,0.0
1765111146,20,,Aggregated,9.500000,9.500000,2,3,3,3,4,4,7,10,50,600,600,2883,2883,2,2.82033696349142,0.5483749991981313,595.8020419930108,0.0
1765111147,20,,Aggregated,9.400000,9.400000,2,3,3,3,4,4,7,10,50,600,600,2894,2894,2,2.8321603347280893,0.5483749991981313,595.8020419930108,0.0
1765111148,20,,Aggregated,9.300000,9.300000,2,3,3,3,4,4,7,10,50,600,600,2902,2902,2,2.830593415461091,0.5483749991981313,595.8020419930108,0.0
1765111149,20,,Aggregated,9.700000,9.700000,2,3,3,3,4,4,7,10,50,600,600,2913,2913,2,2.8281427966552672,0.5483749991981313,595.8020419930108,0.0
1765111150,20,,Aggregated,9.500000,9.500000,2,3,3,3,4,4,7,10,50,600,600,2921,2921,2,2.8273960574036585,0.5483749991981313,595.8020419930108,0.0
1765111151,20,,Aggregated,9.900000,9.900000,2,3,3,3,4,4,7,10,50,600,600,2933,2933,2,2.829932737362816,0.5483749991981313,595.8020419930108,0.0
1765111152,20,,Aggregated,9.800000,9.800000,2,3,3,3,4,4,7,10,50,600,600,2940,2940,2,2.828844745471586,0.5483749991981313,595.8020419930108,0.0
1765111153,20,,Aggregated,9.600000,9.600000,2,3,3,3,4,4,7,10,50,600,600,2952,2952,2,2.8261565208954984,0.5483749991981313,595.8020419930108,0.0
